x,y,z,value,isolevel,classical_residual,quantum_ev,y_true,y_pred,abs_ev_err,abs_dist_to_iso,error_kind
9,15,14,0.4773793687398574,0.5,-0.022620631381869316,0.00930460333006855,1,0,0.03192523471193787,0.022620631260142576,false_inside
9,16,17,0.4773793687398574,0.5,-0.022620631381869316,0.000717188620607212,1,0,0.023337820002476528,0.022620631260142576,false_inside
10,12,15,0.4891915300538273,0.5,-0.010808469727635384,0.004868549172346692,1,0,0.015677018899982076,0.010808469946172683,false_inside
10,13,13,0.4891915300538273,0.5,-0.010808469727635384,0.0032524393294971476,1,0,0.014060909057132531,0.010808469946172683,false_inside
10,13,16,0.5263923573053851,0.5,0.026392357423901558,-0.0021797045289415617,0,1,0.02857206195284312,0.02639235730538514,false_outside
10,13,18,0.4891915300538273,0.5,-0.010808469727635384,0.012406947890818865,1,0,0.023215417618454248,0.010808469946172683,false_inside
10,16,19,0.4891915300538273,0.5,-0.010808469727635384,0.017041244751790585,1,0,0.02784971447942597,0.010808469946172683,false_inside
10,18,14,0.5136757969535651,0.5,0.013675796799361706,-0.0012336540833950416,0,1,0.014909450882756747,0.013675796953565134,false_outside
10,18,18,0.4891915300538273,0.5,-0.010808469727635384,0.01996549174266704,1,0,0.030773961470302424,0.010808469946172683,false_inside
10,19,14,0.4773793687398574,0.5,-0.022620631381869316,0.0004980079681274896,1,0,0.023118639349996806,0.022620631260142576,false_inside
11,16,11,0.5012833853592303,0.5,0.0012833853252232075,-0.016426082628173244,0,1,0.01770946795339645,0.001283385359230338,false_outside
11,16,20,0.5012833853592303,0.5,0.0012833853252232075,-0.002812939521800173,0,1,0.00409632484702338,0.001283385359230338,false_outside
11,17,11,0.4891915300538273,0.5,-0.010808469727635384,0.002426006792819013,1,0,0.013234476520454397,0.010808469946172683,false_inside
11,17,20,0.4891915300538273,0.5,-0.010808469727635384,0.0007442322004465041,1,0,0.011552701928081888,0.010808469946172683,false_inside
11,20,15,0.5012833853592303,0.5,0.0012833853252232075,-0.013665202537823218,0,1,0.014948587863046425,0.001283385359230338,false_outside
11,20,17,0.4891915300538273,0.5,-0.010808469727635384,0.0,1,0,0.010808469727635384,0.010808469946172683,false_inside
12,11,18,0.5136757969535651,0.5,0.013675796799361706,-0.029477334654446352,0,1,0.04315313145380806,0.013675796953565134,false_outside
12,21,14,0.4773793687398574,0.5,-0.022620631381869316,0.0034431874077717195,1,0,0.026063818789641036,0.022620631260142576,false_inside
12,21,16,0.4891915300538273,0.5,-0.010808469727635384,0.004484304932735439,1,0,0.015292774660370823,0.010808469946172683,false_inside
13,10,16,0.5263923573053851,0.5,0.026392357423901558,-0.0024154589371980784,0,1,0.028807816361099636,0.02639235730538514,false_outside
13,12,20,0.5136757969535651,0.5,0.013675796799361706,-0.01072124756335291,0,1,0.024397044362714615,0.013675796953565134,false_outside
14,12,21,0.4773793687398574,0.5,-0.022620631381869316,0.0038816108685104656,1,0,0.02650224225037978,0.022620631260142576,false_inside
14,18,10,0.5136757969535651,0.5,0.013675796799361706,-0.02642424242424246,0,1,0.04010003922360417,0.013675796953565134,false_outside
14,20,11,0.4891915300538273,0.5,-0.010808469727635384,0.0012503125781445634,1,0,0.012058782305779947,0.010808469946172683,false_inside
15,9,15,0.4891915300538273,0.5,-0.010808469727635384,0.034102306920762326,1,0,0.04491077664839771,0.010808469946172683,false_inside
15,10,19,0.4891915300538273,0.5,-0.010808469727635384,0.01810066947681621,1,0,0.028909139204451595,0.010808469946172683,false_inside
15,11,11,0.5012833853592303,0.5,0.0012833853252232075,-0.0073135056070210425,0,1,0.00859689093224425,0.001283385359230338,false_outside
15,16,9,0.4891915300538273,0.5,-0.010808469727635384,0.016464891041162222,1,0,0.027273360768797605,0.010808469946172683,false_inside
15,16,22,0.4891915300538273,0.5,-0.010808469727635384,0.0051082461688153336,1,0,0.015916715896450717,0.010808469946172683,false_inside
15,20,11,0.5012833853592303,0.5,0.0012833853252232075,-0.005730659025787954,0,1,0.007014044351011162,0.001283385359230338,false_outside
15,21,19,0.4891915300538273,0.5,-0.010808469727635384,0.015929203539822967,1,0,0.02673767326745835,0.010808469946172683,false_inside
16,10,18,0.5263923573053851,0.5,0.026392357423901558,-0.009799118079372837,0,1,0.036191475503274395,0.02639235730538514,false_outside
16,11,20,0.5012833853592303,0.5,0.0012833853252232075,-0.02564102564102555,0,1,0.026924410966248757,0.001283385359230338,false_outside
16,17,22,0.4773793687398574,0.5,-0.022620631381869316,0.016089712335446094,1,0,0.03871034371731541,0.022620631260142576,false_inside
16,19,10,0.4891915300538273,0.5,-0.010808469727635384,0.023668639053254448,1,0,0.03447710878088983,0.010808469946172683,false_inside
16,21,19,0.4891915300538273,0.5,-0.010808469727635384,0.01729106628242072,1,0,0.028099536010056103,0.010808469946172683,false_inside
17,20,11,0.4891915300538273,0.5,-0.010808469727635384,0.023301447142506704,1,0,0.03410991687014209,0.010808469946172683,false_inside
18,10,17,0.5136757969535651,0.5,0.013675796799361706,-0.01381562421502136,0,1,0.027491421014383066,0.013675796953565134,false_outside
18,11,12,0.5136757969535651,0.5,0.013675796799361706,-0.006008171112713345,0,1,0.01968396791207505,0.013675796953565134,false_outside
18,11,19,0.5136757969535651,0.5,0.013675796799361706,-0.0023809523809523725,0,1,0.01605674918031408,0.013675796953565134,false_outside
18,12,11,0.5136757969535651,0.5,0.013675796799361706,-0.015436565364206567,0,1,0.029112362163568273,0.013675796953565134,false_outside
18,13,10,0.4891915300538273,0.5,-0.010808469727635384,0.008567931456548328,1,0,0.01937640118418371,0.010808469946172683,false_inside
18,17,21,0.5136757969535651,0.5,0.013675796799361706,-0.008239700374531811,0,1,0.021915497173893517,0.013675796953565134,false_outside
18,19,20,0.5136757969535651,0.5,0.013675796799361706,-0.004354136429608024,0,1,0.01802993322896973,0.013675796953565134,false_outside
18,21,14,0.5136757969535651,0.5,0.013675796799361706,-0.005803684077718918,0,1,0.019479480877080624,0.013675796953565134,false_outside
19,10,16,0.4891915300538273,0.5,-0.010808469727635384,0.011651469098277634,1,0,0.022459938825913017,0.010808469946172683,false_inside
19,11,13,0.5136757969535651,0.5,0.013675796799361706,-0.008035062089116085,0,1,0.02171085888847779,0.013675796953565134,false_outside
19,13,11,0.5136757969535651,0.5,0.013675796799361706,-0.03222748815165888,0,1,0.045903284951020584,0.013675796953565134,false_outside
19,13,20,0.5136757969535651,0.5,0.013675796799361706,-0.011533742331288233,0,1,0.02520953913064994,0.013675796953565134,false_outside
20,11,15,0.5012833853592303,0.5,0.0012833853252232075,-0.0046511627906977715,0,1,0.005934548115920979,0.001283385359230338,false_outside
20,12,12,0.4773793687398574,0.5,-0.022620631381869316,0.0026927784577723823,1,0,0.0253134098396417,0.022620631260142576,false_inside
20,14,20,0.4891915300538273,0.5,-0.010808469727635384,0.001697792869269965,1,0,0.012506262596905349,0.010808469946172683,false_inside
20,15,11,0.5012833853592303,0.5,0.0012833853252232075,-0.0009760858955587537,0,1,0.002259471220781961,0.001283385359230338,false_outside
20,16,11,0.5012833853592303,0.5,0.0012833853252232075,-0.002942618930848351,0,1,0.004226004256071558,0.001283385359230338,false_outside
20,18,12,0.5136757969535651,0.5,0.013675796799361706,-0.0009828009828010131,0,1,0.014658597782162719,0.013675796953565134,false_outside
20,20,14,0.4891915300538273,0.5,-0.010808469727635384,0.00024207213749694034,1,0,0.011050541865132324,0.010808469946172683,false_inside
20,20,17,0.4891915300538273,0.5,-0.010808469727635384,0.006180469715698411,1,0,0.016988939443333795,0.010808469946172683,false_inside
21,13,13,0.4891915300538273,0.5,-0.010808469727635384,0.004259584064144284,1,0,0.015068053791779668,0.010808469946172683,false_inside
21,13,14,0.5136757969535651,0.5,0.013675796799361706,-0.010930289045421482,0,1,0.024606085844783188,0.013675796953565134,false_outside
21,15,12,0.4891915300538273,0.5,-0.010808469727635384,0.000990589400693409,1,0,0.011799059128328793,0.010808469946172683,false_inside
21,16,19,0.4891915300538273,0.5,-0.010808469727635384,0.0004859086491739717,1,0,0.011294378376809355,0.010808469946172683,false_inside
22,15,16,0.4891915300538273,0.5,-0.010808469727635384,0.005138243210178639,1,0,0.015946712937814023,0.010808469946172683,false_inside
22,17,16,0.4773793687398574,0.5,-0.022620631381869316,0.012429929320009747,1,0,0.03505056070187906,0.022620631260142576,false_inside
